instance,populationSize,crossoverProb,mutationProb,run,solutionIndex,f1_makespan,f2_dissatisfaction,timeMillis
instancia_mediana.json,60,0,70,0,05,0,0,97,0000,223,0000,648
instancia_mediana.json,60,0,70,0,05,0,1,89,0000,224,0000,648
instancia_mediana.json,60,0,70,0,05,1,0,88,0000,223,0000,361
instancia_mediana.json,60,0,70,0,05,2,0,92,0000,223,0000,366
instancia_mediana.json,60,0,70,0,05,3,0,90,0000,223,0000,356
instancia_mediana.json,60,0,70,0,05,4,0,90,0000,223,0000,353
instancia_mediana.json,60,0,70,0,05,5,0,89,0000,223,0000,362
instancia_mediana.json,60,0,70,0,05,6,0,90,0000,223,0000,352
instancia_mediana.json,60,0,70,0,05,7,0,90,0000,223,0000,342
instancia_mediana.json,60,0,70,0,05,8,0,88,0000,223,0000,364
instancia_mediana.json,60,0,70,0,05,9,0,89,0000,223,0000,392
instancia_mediana.json,60,0,70,0,05,10,0,87,0000,223,0000,343
instancia_mediana.json,60,0,70,0,05,11,0,89,0000,223,0000,355
instancia_mediana.json,60,0,70,0,05,12,0,89,0000,223,0000,339
instancia_mediana.json,60,0,70,0,05,13,0,89,0000,223,0000,344
instancia_mediana.json,60,0,70,0,05,14,0,87,0000,223,0000,360
instancia_mediana.json,60,0,70,0,05,15,0,89,0000,223,0000,359
instancia_mediana.json,60,0,70,0,05,16,0,89,0000,223,0000,373
instancia_mediana.json,60,0,70,0,05,17,0,89,0000,223,0000,352
instancia_mediana.json,60,0,70,0,05,18,0,87,0000,223,0000,375
instancia_mediana.json,60,0,70,0,05,19,0,96,0000,223,0000,345
instancia_mediana.json,60,0,70,0,05,20,0,91,0000,223,0000,340
instancia_mediana.json,60,0,70,0,05,21,0,92,0000,223,0000,362
instancia_mediana.json,60,0,70,0,05,22,0,87,0000,223,0000,353
instancia_mediana.json,60,0,70,0,05,23,0,90,0000,223,0000,369
instancia_mediana.json,60,0,70,0,05,24,0,87,0000,223,0000,402
instancia_mediana.json,60,0,70,0,05,25,0,92,0000,223,0000,410
instancia_mediana.json,60,0,70,0,05,25,1,88,0000,225,0000,410
instancia_mediana.json,60,0,70,0,05,25,2,89,0000,224,0000,410
instancia_mediana.json,60,0,70,0,05,26,0,90,0000,223,0000,351
instancia_mediana.json,60,0,70,0,05,27,0,90,0000,223,0000,355
instancia_mediana.json,60,0,70,0,05,28,0,87,0000,223,0000,361
instancia_mediana.json,60,0,70,0,05,29,0,87,0000,223,0000,351
instancia_mediana.json,60,0,70,0,10,0,0,88,0000,223,0000,373
instancia_mediana.json,60,0,70,0,10,1,0,98,0000,223,0000,358
instancia_mediana.json,60,0,70,0,10,2,0,90,0000,223,0000,366
instancia_mediana.json,60,0,70,0,10,3,0,88,0000,223,0000,361
instancia_mediana.json,60,0,70,0,10,4,0,89,0000,223,0000,444
instancia_mediana.json,60,0,70,0,10,5,0,87,0000,223,0000,370
instancia_mediana.json,60,0,70,0,10,6,0,87,0000,223,0000,353
instancia_mediana.json,60,0,70,0,10,7,0,87,0000,223,0000,348
instancia_mediana.json,60,0,70,0,10,8,0,87,0000,223,0000,409
instancia_mediana.json,60,0,70,0,10,9,0,90,0000,223,0000,346
instancia_mediana.json,60,0,70,0,10,10,0,88,0000,223,0000,360
instancia_mediana.json,60,0,70,0,10,11,0,89,0000,223,0000,342
instancia_mediana.json,60,0,70,0,10,12,0,92,0000,223,0000,345
instancia_mediana.json,60,0,70,0,10,13,0,90,0000,223,0000,352
instancia_mediana.json,60,0,70,0,10,14,0,95,0000,223,0000,366
instancia_mediana.json,60,0,70,0,10,14,1,92,0000,224,0000,366
instancia_mediana.json,60,0,70,0,10,15,0,87,0000,223,0000,352
instancia_mediana.json,60,0,70,0,10,16,0,87,0000,223,0000,351
instancia_mediana.json,60,0,70,0,10,17,0,88,0000,225,0000,434
instancia_mediana.json,60,0,70,0,10,17,1,90,0000,223,0000,434
instancia_mediana.json,60,0,70,0,10,18,0,90,0000,223,0000,349
instancia_mediana.json,60,0,70,0,10,19,0,90,0000,223,0000,357
instancia_mediana.json,60,0,70,0,10,20,0,87,0000,223,0000,345
instancia_mediana.json,60,0,70,0,10,21,0,90,0000,224,0000,413
instancia_mediana.json,60,0,70,0,10,21,1,91,0000,223,0000,413
instancia_mediana.json,60,0,70,0,10,22,0,90,0000,223,0000,349
instancia_mediana.json,60,0,70,0,10,23,0,89,0000,223,0000,380
instancia_mediana.json,60,0,70,0,10,24,0,89,0000,223,0000,348
instancia_mediana.json,60,0,70,0,10,25,0,87,0000,223,0000,368
instancia_mediana.json,60,0,70,0,10,26,0,87,0000,223,0000,344
instancia_mediana.json,60,0,70,0,10,27,0,92,0000,224,0000,392
instancia_mediana.json,60,0,70,0,10,27,1,95,0000,223,0000,392
instancia_mediana.json,60,0,70,0,10,28,0,90,0000,223,0000,383
instancia_mediana.json,60,0,70,0,10,29,0,87,0000,223,0000,357
instancia_mediana.json,60,0,70,0,20,0,0,90,0000,223,0000,372
instancia_mediana.json,60,0,70,0,20,1,0,89,0000,223,0000,367
instancia_mediana.json,60,0,70,0,20,2,0,87,0000,223,0000,373
instancia_mediana.json,60,0,70,0,20,3,0,89,0000,223,0000,417
instancia_mediana.json,60,0,70,0,20,4,0,87,0000,223,0000,374
instancia_mediana.json,60,0,70,0,20,5,0,87,0000,223,0000,377
instancia_mediana.json,60,0,70,0,20,6,0,87,0000,223,0000,376
instancia_mediana.json,60,0,70,0,20,7,0,87,0000,223,0000,386
instancia_mediana.json,60,0,70,0,20,8,0,87,0000,223,0000,374
instancia_mediana.json,60,0,70,0,20,9,0,87,0000,223,0000,366
instancia_mediana.json,60,0,70,0,20,10,0,93,0000,223,0000,397
instancia_mediana.json,60,0,70,0,20,10,1,91,0000,247,0000,397
instancia_mediana.json,60,0,70,0,20,10,2,92,0000,231,0000,397
instancia_mediana.json,60,0,70,0,20,11,0,88,0000,223,0000,382
instancia_mediana.json,60,0,70,0,20,12,0,86,0000,223,0000,392
instancia_mediana.json,60,0,70,0,20,13,0,91,0000,223,0000,386
instancia_mediana.json,60,0,70,0,20,14,0,87,0000,223,0000,387
instancia_mediana.json,60,0,70,0,20,15,0,91,0000,223,0000,388
instancia_mediana.json,60,0,70,0,20,16,0,87,0000,223,0000,516
instancia_mediana.json,60,0,70,0,20,17,0,87,0000,223,0000,631
instancia_mediana.json,60,0,70,0,20,18,0,87,0000,223,0000,445
instancia_mediana.json,60,0,70,0,20,19,0,89,0000,223,0000,383
instancia_mediana.json,60,0,70,0,20,20,0,87,0000,223,0000,392
instancia_mediana.json,60,0,70,0,20,21,0,87,0000,223,0000,371
instancia_mediana.json,60,0,70,0,20,22,0,90,0000,223,0000,361
instancia_mediana.json,60,0,70,0,20,23,0,87,0000,223,0000,358
instancia_mediana.json,60,0,70,0,20,24,0,90,0000,223,0000,363
instancia_mediana.json,60,0,70,0,20,25,0,87,0000,223,0000,375
instancia_mediana.json,60,0,70,0,20,26,0,90,0000,223,0000,394
instancia_mediana.json,60,0,70,0,20,27,0,87,0000,223,0000,449
instancia_mediana.json,60,0,70,0,20,28,0,92,0000,223,0000,413
instancia_mediana.json,60,0,70,0,20,29,0,89,0000,223,0000,373
instancia_mediana.json,60,0,90,0,05,0,0,89,0000,223,0000,403
instancia_mediana.json,60,0,90,0,05,1,0,88,0000,223,0000,401
instancia_mediana.json,60,0,90,0,05,2,0,89,0000,223,0000,385
instancia_mediana.json,60,0,90,0,05,3,0,87,0000,223,0000,362
instancia_mediana.json,60,0,90,0,05,4,0,87,0000,223,0000,384
instancia_mediana.json,60,0,90,0,05,5,0,89,0000,223,0000,381
instancia_mediana.json,60,0,90,0,05,6,0,87,0000,223,0000,403
instancia_mediana.json,60,0,90,0,05,7,0,88,0000,223,0000,367
instancia_mediana.json,60,0,90,0,05,8,0,87,0000,223,0000,403
instancia_mediana.json,60,0,90,0,05,9,0,87,0000,223,0000,421
instancia_mediana.json,60,0,90,0,05,10,0,87,0000,223,0000,412
instancia_mediana.json,60,0,90,0,05,11,0,87,0000,223,0000,454
instancia_mediana.json,60,0,90,0,05,12,0,87,0000,223,0000,408
instancia_mediana.json,60,0,90,0,05,13,0,90,0000,223,0000,405
instancia_mediana.json,60,0,90,0,05,14,0,87,0000,223,0000,352
instancia_mediana.json,60,0,90,0,05,15,0,87,0000,223,0000,374
instancia_mediana.json,60,0,90,0,05,16,0,87,0000,223,0000,357
instancia_mediana.json,60,0,90,0,05,17,0,90,0000,223,0000,353
instancia_mediana.json,60,0,90,0,05,18,0,89,0000,223,0000,360
instancia_mediana.json,60,0,90,0,05,19,0,89,0000,223,0000,368
instancia_mediana.json,60,0,90,0,05,20,0,87,0000,223,0000,409
instancia_mediana.json,60,0,90,0,05,21,0,87,0000,223,0000,364
instancia_mediana.json,60,0,90,0,05,22,0,94,0000,223,0000,427
instancia_mediana.json,60,0,90,0,05,22,1,91,0000,224,0000,427
instancia_mediana.json,60,0,90,0,05,23,0,87,0000,223,0000,367
instancia_mediana.json,60,0,90,0,05,24,0,89,0000,223,0000,371
instancia_mediana.json,60,0,90,0,05,25,0,93,0000,223,0000,354
instancia_mediana.json,60,0,90,0,05,26,0,91,0000,223,0000,381
instancia_mediana.json,60,0,90,0,05,27,0,87,0000,223,0000,374
instancia_mediana.json,60,0,90,0,05,28,0,92,0000,223,0000,354
instancia_mediana.json,60,0,90,0,05,29,0,87,0000,223,0000,393
instancia_mediana.json,60,0,90,0,10,0,0,87,0000,223,0000,376
instancia_mediana.json,60,0,90,0,10,1,0,90,0000,223,0000,419
instancia_mediana.json,60,0,90,0,10,2,0,90,0000,223,0000,417
instancia_mediana.json,60,0,90,0,10,3,0,87,0000,223,0000,389
instancia_mediana.json,60,0,90,0,10,4,0,91,0000,223,0000,343
instancia_mediana.json,60,0,90,0,10,5,0,90,0000,223,0000,409
instancia_mediana.json,60,0,90,0,10,6,0,92,0000,223,0000,364
instancia_mediana.json,60,0,90,0,10,7,0,90,0000,223,0000,364
instancia_mediana.json,60,0,90,0,10,8,0,90,0000,223,0000,363
instancia_mediana.json,60,0,90,0,10,9,0,87,0000,223,0000,383
instancia_mediana.json,60,0,90,0,10,10,0,86,0000,223,0000,378
instancia_mediana.json,60,0,90,0,10,11,0,87,0000,223,0000,363
instancia_mediana.json,60,0,90,0,10,12,0,89,0000,223,0000,406
instancia_mediana.json,60,0,90,0,10,13,0,86,0000,223,0000,379
instancia_mediana.json,60,0,90,0,10,14,0,90,0000,223,0000,409
instancia_mediana.json,60,0,90,0,10,14,1,88,0000,231,0000,409
instancia_mediana.json,60,0,90,0,10,15,0,88,0000,223,0000,392
instancia_mediana.json,60,0,90,0,10,16,0,87,0000,223,0000,367
instancia_mediana.json,60,0,90,0,10,17,0,87,0000,223,0000,375
instancia_mediana.json,60,0,90,0,10,18,0,87,0000,223,0000,409
instancia_mediana.json,60,0,90,0,10,19,0,89,0000,223,0000,377
instancia_mediana.json,60,0,90,0,10,20,0,86,0000,223,0000,396
instancia_mediana.json,60,0,90,0,10,21,0,87,0000,223,0000,359
instancia_mediana.json,60,0,90,0,10,22,0,88,0000,223,0000,382
instancia_mediana.json,60,0,90,0,10,23,0,87,0000,223,0000,386
instancia_mediana.json,60,0,90,0,10,24,0,87,0000,223,0000,376
instancia_mediana.json,60,0,90,0,10,25,0,89,0000,223,0000,389
instancia_mediana.json,60,0,90,0,10,26,0,90,0000,223,0000,393
instancia_mediana.json,60,0,90,0,10,27,0,89,0000,223,0000,393
instancia_mediana.json,60,0,90,0,10,28,0,90,0000,223,0000,391
instancia_mediana.json,60,0,90,0,10,29,0,87,0000,223,0000,380
instancia_mediana.json,60,0,90,0,20,0,0,87,0000,223,0000,398
instancia_mediana.json,60,0,90,0,20,1,0,87,0000,223,0000,383
instancia_mediana.json,60,0,90,0,20,2,0,91,0000,223,0000,379
instancia_mediana.json,60,0,90,0,20,3,0,87,0000,225,0000,453
instancia_mediana.json,60,0,90,0,20,3,1,89,0000,223,0000,453
instancia_mediana.json,60,0,90,0,20,4,0,88,0000,223,0000,377
instancia_mediana.json,60,0,90,0,20,5,0,88,0000,223,0000,380
instancia_mediana.json,60,0,90,0,20,6,0,91,0000,223,0000,393
instancia_mediana.json,60,0,90,0,20,7,0,90,0000,223,0000,419
instancia_mediana.json,60,0,90,0,20,8,0,89,0000,223,0000,387
instancia_mediana.json,60,0,90,0,20,9,0,92,0000,223,0000,387
instancia_mediana.json,60,0,90,0,20,10,0,87,0000,223,0000,432
instancia_mediana.json,60,0,90,0,20,11,0,87,0000,223,0000,398
instancia_mediana.json,60,0,90,0,20,12,0,90,0000,223,0000,379
instancia_mediana.json,60,0,90,0,20,13,0,89,0000,223,0000,369
instancia_mediana.json,60,0,90,0,20,14,0,87,0000,223,0000,385
instancia_mediana.json,60,0,90,0,20,15,0,87,0000,223,0000,394
instancia_mediana.json,60,0,90,0,20,16,0,87,0000,223,0000,606
instancia_mediana.json,60,0,90,0,20,17,0,87,0000,223,0000,573
instancia_mediana.json,60,0,90,0,20,18,0,87,0000,223,0000,380
instancia_mediana.json,60,0,90,0,20,19,0,87,0000,223,0000,364
instancia_mediana.json,60,0,90,0,20,20,0,88,0000,223,0000,391
instancia_mediana.json,60,0,90,0,20,21,0,88,0000,223,0000,389
instancia_mediana.json,60,0,90,0,20,22,0,87,0000,223,0000,378
instancia_mediana.json,60,0,90,0,20,23,0,88,0000,223,0000,366
instancia_mediana.json,60,0,90,0,20,24,0,87,0000,223,0000,369
instancia_mediana.json,60,0,90,0,20,25,0,87,0000,223,0000,391
instancia_mediana.json,60,0,90,0,20,26,0,87,0000,223,0000,383
instancia_mediana.json,60,0,90,0,20,27,0,87,0000,223,0000,393
instancia_mediana.json,60,0,90,0,20,28,0,89,0000,223,0000,371
instancia_mediana.json,60,0,90,0,20,29,0,87,0000,223,0000,379
instancia_mediana.json,60,1,00,0,05,0,0,87,0000,223,0000,376
instancia_mediana.json,60,1,00,0,05,1,0,87,0000,223,0000,364
instancia_mediana.json,60,1,00,0,05,2,0,86,0000,223,0000,370
instancia_mediana.json,60,1,00,0,05,3,0,89,0000,223,0000,381
instancia_mediana.json,60,1,00,0,05,4,0,87,0000,224,0000,411
instancia_mediana.json,60,1,00,0,05,4,1,89,0000,223,0000,411
instancia_mediana.json,60,1,00,0,05,5,0,87,0000,223,0000,390
instancia_mediana.json,60,1,00,0,05,6,0,89,0000,223,0000,368
instancia_mediana.json,60,1,00,0,05,7,0,89,0000,223,0000,416
instancia_mediana.json,60,1,00,0,05,8,0,87,0000,223,0000,378
instancia_mediana.json,60,1,00,0,05,9,0,90,0000,223,0000,387
instancia_mediana.json,60,1,00,0,05,10,0,87,0000,223,0000,421
instancia_mediana.json,60,1,00,0,05,11,0,87,0000,223,0000,379
instancia_mediana.json,60,1,00,0,05,12,0,89,0000,223,0000,424
instancia_mediana.json,60,1,00,0,05,13,0,90,0000,223,0000,375
instancia_mediana.json,60,1,00,0,05,14,0,87,0000,223,0000,348
instancia_mediana.json,60,1,00,0,05,15,0,90,0000,223,0000,398
instancia_mediana.json,60,1,00,0,05,16,0,89,0000,223,0000,380
instancia_mediana.json,60,1,00,0,05,17,0,86,0000,223,0000,394
instancia_mediana.json,60,1,00,0,05,18,0,93,0000,223,0000,378
instancia_mediana.json,60,1,00,0,05,19,0,90,0000,223,0000,374
instancia_mediana.json,60,1,00,0,05,20,0,88,0000,223,0000,377
instancia_mediana.json,60,1,00,0,05,21,0,89,0000,223,0000,397
instancia_mediana.json,60,1,00,0,05,22,0,88,0000,223,0000,403
instancia_mediana.json,60,1,00,0,05,23,0,89,0000,223,0000,379
instancia_mediana.json,60,1,00,0,05,24,0,91,0000,223,0000,380
instancia_mediana.json,60,1,00,0,05,25,0,90,0000,223,0000,361
instancia_mediana.json,60,1,00,0,05,26,0,87,0000,223,0000,434
instancia_mediana.json,60,1,00,0,05,27,0,91,0000,223,0000,378
instancia_mediana.json,60,1,00,0,05,28,0,89,0000,223,0000,390
instancia_mediana.json,60,1,00,0,05,29,0,89,0000,223,0000,431
instancia_mediana.json,60,1,00,0,05,29,1,87,0000,224,0000,431
instancia_mediana.json,60,1,00,0,10,0,0,88,0000,223,0000,380
instancia_mediana.json,60,1,00,0,10,1,0,87,0000,223,0000,398
instancia_mediana.json,60,1,00,0,10,2,0,87,0000,223,0000,385
instancia_mediana.json,60,1,00,0,10,3,0,89,0000,223,0000,394
instancia_mediana.json,60,1,00,0,10,4,0,87,0000,223,0000,411
instancia_mediana.json,60,1,00,0,10,5,0,87,0000,223,0000,438
instancia_mediana.json,60,1,00,0,10,6,0,89,0000,223,0000,405
instancia_mediana.json,60,1,00,0,10,7,0,90,0000,223,0000,387
instancia_mediana.json,60,1,00,0,10,8,0,87,0000,223,0000,354
instancia_mediana.json,60,1,00,0,10,9,0,90,0000,223,0000,361
instancia_mediana.json,60,1,00,0,10,10,0,89,0000,223,0000,432
instancia_mediana.json,60,1,00,0,10,10,1,87,0000,224,0000,432
instancia_mediana.json,60,1,00,0,10,11,0,86,0000,223,0000,419
instancia_mediana.json,60,1,00,0,10,12,0,87,0000,223,0000,430
instancia_mediana.json,60,1,00,0,10,13,0,87,0000,223,0000,393
instancia_mediana.json,60,1,00,0,10,14,0,87,0000,231,0000,434
instancia_mediana.json,60,1,00,0,10,14,1,88,0000,223,0000,434
instancia_mediana.json,60,1,00,0,10,15,0,87,0000,223,0000,382
instancia_mediana.json,60,1,00,0,10,16,0,92,0000,223,0000,453
instancia_mediana.json,60,1,00,0,10,17,0,89,0000,223,0000,384
instancia_mediana.json,60,1,00,0,10,18,0,87,0000,223,0000,373
instancia_mediana.json,60,1,00,0,10,19,0,89,0000,223,0000,376
instancia_mediana.json,60,1,00,0,10,20,0,92,0000,223,0000,404
instancia_mediana.json,60,1,00,0,10,21,0,87,0000,223,0000,380
instancia_mediana.json,60,1,00,0,10,22,0,88,0000,223,0000,368
instancia_mediana.json,60,1,00,0,10,23,0,89,0000,223,0000,367
instancia_mediana.json,60,1,00,0,10,24,0,86,0000,223,0000,406
instancia_mediana.json,60,1,00,0,10,25,0,86,0000,223,0000,414
instancia_mediana.json,60,1,00,0,10,26,0,87,0000,223,0000,369
instancia_mediana.json,60,1,00,0,10,27,0,89,0000,223,0000,372
instancia_mediana.json,60,1,00,0,10,27,1,88,0000,231,0000,372
instancia_mediana.json,60,1,00,0,10,28,0,94,0000,223,0000,368
instancia_mediana.json,60,1,00,0,10,29,0,87,0000,223,0000,374
instancia_mediana.json,60,1,00,0,20,0,0,89,0000,223,0000,389
instancia_mediana.json,60,1,00,0,20,1,0,89,0000,223,0000,377
instancia_mediana.json,60,1,00,0,20,2,0,88,0000,223,0000,419
instancia_mediana.json,60,1,00,0,20,3,0,87,0000,223,0000,384
instancia_mediana.json,60,1,00,0,20,4,0,87,0000,223,0000,388
instancia_mediana.json,60,1,00,0,20,5,0,89,0000,223,0000,376
instancia_mediana.json,60,1,00,0,20,6,0,87,0000,223,0000,376
instancia_mediana.json,60,1,00,0,20,7,0,89,0000,223,0000,402
instancia_mediana.json,60,1,00,0,20,8,0,88,0000,223,0000,378
instancia_mediana.json,60,1,00,0,20,9,0,87,0000,223,0000,435
instancia_mediana.json,60,1,00,0,20,10,0,87,0000,223,0000,426
instancia_mediana.json,60,1,00,0,20,11,0,89,0000,223,0000,390
instancia_mediana.json,60,1,00,0,20,12,0,87,0000,223,0000,398
instancia_mediana.json,60,1,00,0,20,13,0,87,0000,223,0000,388
instancia_mediana.json,60,1,00,0,20,14,0,87,0000,223,0000,383
instancia_mediana.json,60,1,00,0,20,15,0,87,0000,223,0000,384
instancia_mediana.json,60,1,00,0,20,16,0,89,0000,223,0000,428
instancia_mediana.json,60,1,00,0,20,17,0,87,0000,223,0000,380
instancia_mediana.json,60,1,00,0,20,18,0,87,0000,223,0000,427
instancia_mediana.json,60,1,00,0,20,19,0,87,0000,223,0000,392
instancia_mediana.json,60,1,00,0,20,20,0,87,0000,223,0000,396
instancia_mediana.json,60,1,00,0,20,21,0,89,0000,223,0000,404
instancia_mediana.json,60,1,00,0,20,22,0,87,0000,223,0000,460
instancia_mediana.json,60,1,00,0,20,23,0,87,0000,223,0000,419
instancia_mediana.json,60,1,00,0,20,24,0,89,0000,223,0000,391
instancia_mediana.json,60,1,00,0,20,25,0,88,0000,223,0000,376
instancia_mediana.json,60,1,00,0,20,26,0,88,0000,223,0000,383
instancia_mediana.json,60,1,00,0,20,27,0,93,0000,223,0000,378
instancia_mediana.json,60,1,00,0,20,28,0,90,0000,223,0000,418
instancia_mediana.json,60,1,00,0,20,29,0,87,0000,223,0000,402
instancia_mediana.json,120,0,70,0,05,0,0,93,0000,223,0000,433
instancia_mediana.json,120,0,70,0,05,1,0,87,0000,223,0000,506
instancia_mediana.json,120,0,70,0,05,2,0,89,0000,223,0000,487
instancia_mediana.json,120,0,70,0,05,3,0,89,0000,223,0000,478
instancia_mediana.json,120,0,70,0,05,4,0,90,0000,223,0000,472
instancia_mediana.json,120,0,70,0,05,5,0,87,0000,223,0000,488
instancia_mediana.json,120,0,70,0,05,6,0,89,0000,223,0000,458
instancia_mediana.json,120,0,70,0,05,7,0,87,0000,223,0000,510
instancia_mediana.json,120,0,70,0,05,8,0,89,0000,223,0000,452
instancia_mediana.json,120,0,70,0,05,9,0,93,0000,223,0000,482
instancia_mediana.json,120,0,70,0,05,10,0,87,0000,223,0000,475
instancia_mediana.json,120,0,70,0,05,11,0,88,0000,223,0000,503
instancia_mediana.json,120,0,70,0,05,12,0,88,0000,223,0000,486
instancia_mediana.json,120,0,70,0,05,13,0,87,0000,223,0000,480
instancia_mediana.json,120,0,70,0,05,14,0,89,0000,223,0000,459
instancia_mediana.json,120,0,70,0,05,15,0,89,0000,223,0000,472
instancia_mediana.json,120,0,70,0,05,16,0,89,0000,223,0000,470
instancia_mediana.json,120,0,70,0,05,17,0,89,0000,223,0000,470
instancia_mediana.json,120,0,70,0,05,18,0,87,0000,223,0000,555
instancia_mediana.json,120,0,70,0,05,19,0,87,0000,223,0000,445
instancia_mediana.json,120,0,70,0,05,20,0,89,0000,223,0000,482
instancia_mediana.json,120,0,70,0,05,21,0,87,0000,223,0000,484
instancia_mediana.json,120,0,70,0,05,22,0,90,0000,223,0000,464
instancia_mediana.json,120,0,70,0,05,23,0,87,0000,223,0000,543
instancia_mediana.json,120,0,70,0,05,24,0,89,0000,223,0000,472
instancia_mediana.json,120,0,70,0,05,25,0,87,0000,223,0000,475
instancia_mediana.json,120,0,70,0,05,26,0,89,0000,223,0000,498
instancia_mediana.json,120,0,70,0,05,27,0,94,0000,223,0000,504
instancia_mediana.json,120,0,70,0,05,27,1,92,0000,224,0000,504
instancia_mediana.json,120,0,70,0,05,28,0,87,0000,223,0000,496
instancia_mediana.json,120,0,70,0,05,29,0,87,0000,223,0000,755
instancia_mediana.json,120,0,70,0,10,0,0,87,0000,223,0000,503
instancia_mediana.json,120,0,70,0,10,1,0,89,0000,223,0000,505
instancia_mediana.json,120,0,70,0,10,2,0,92,0000,223,0000,491
instancia_mediana.json,120,0,70,0,10,3,0,87,0000,223,0000,570
instancia_mediana.json,120,0,70,0,10,4,0,90,0000,223,0000,462
instancia_mediana.json,120,0,70,0,10,5,0,93,0000,223,0000,538
instancia_mediana.json,120,0,70,0,10,5,1,92,0000,232,0000,538
instancia_mediana.json,120,0,70,0,10,6,0,87,0000,223,0000,472
instancia_mediana.json,120,0,70,0,10,7,0,87,0000,223,0000,469
instancia_mediana.json,120,0,70,0,10,8,0,87,0000,223,0000,495
instancia_mediana.json,120,0,70,0,10,9,0,89,0000,223,0000,482
instancia_mediana.json,120,0,70,0,10,10,0,87,0000,223,0000,462
instancia_mediana.json,120,0,70,0,10,11,0,88,0000,223,0000,467
instancia_mediana.json,120,0,70,0,10,12,0,91,0000,223,0000,473
instancia_mediana.json,120,0,70,0,10,13,0,88,0000,223,0000,439
instancia_mediana.json,120,0,70,0,10,14,0,87,0000,223,0000,430
instancia_mediana.json,120,0,70,0,10,15,0,87,0000,223,0000,467
instancia_mediana.json,120,0,70,0,10,16,0,86,0000,225,0000,536
instancia_mediana.json,120,0,70,0,10,16,1,87,0000,223,0000,536
instancia_mediana.json,120,0,70,0,10,17,0,86,0000,223,0000,465
instancia_mediana.json,120,0,70,0,10,18,0,87,0000,223,0000,456
instancia_mediana.json,120,0,70,0,10,19,0,87,0000,223,0000,485
instancia_mediana.json,120,0,70,0,10,20,0,96,0000,223,0000,430
instancia_mediana.json,120,0,70,0,10,21,0,87,0000,223,0000,453
instancia_mediana.json,120,0,70,0,10,22,0,92,0000,223,0000,501
instancia_mediana.json,120,0,70,0,10,22,1,90,0000,227,0000,501
instancia_mediana.json,120,0,70,0,10,22,2,91,0000,224,0000,501
instancia_mediana.json,120,0,70,0,10,23,0,87,0000,223,0000,497
instancia_mediana.json,120,0,70,0,10,24,0,88,0000,224,0000,508
instancia_mediana.json,120,0,70,0,10,24,1,95,0000,223,0000,508
instancia_mediana.json,120,0,70,0,10,25,0,86,0000,223,0000,474
instancia_mediana.json,120,0,70,0,10,26,0,87,0000,223,0000,490
instancia_mediana.json,120,0,70,0,10,27,0,87,0000,223,0000,468
instancia_mediana.json,120,0,70,0,10,28,0,87,0000,223,0000,464
instancia_mediana.json,120,0,70,0,10,29,0,92,0000,223,0000,447
instancia_mediana.json,120,0,70,0,20,0,0,87,0000,223,0000,527
instancia_mediana.json,120,0,70,0,20,1,0,87,0000,223,0000,495
instancia_mediana.json,120,0,70,0,20,2,0,87,0000,223,0000,554
instancia_mediana.json,120,0,70,0,20,3,0,87,0000,223,0000,488
instancia_mediana.json,120,0,70,0,20,4,0,87,0000,223,0000,514
instancia_mediana.json,120,0,70,0,20,5,0,87,0000,223,0000,558
instancia_mediana.json,120,0,70,0,20,6,0,89,0000,223,0000,548
instancia_mediana.json,120,0,70,0,20,7,0,87,0000,223,0000,485
instancia_mediana.json,120,0,70,0,20,8,0,88,0000,223,0000,473
instancia_mediana.json,120,0,70,0,20,9,0,87,0000,223,0000,523
instancia_mediana.json,120,0,70,0,20,10,0,88,0000,223,0000,514
instancia_mediana.json,120,0,70,0,20,11,0,87,0000,223,0000,472
instancia_mediana.json,120,0,70,0,20,12,0,89,0000,223,0000,490
instancia_mediana.json,120,0,70,0,20,13,0,87,0000,223,0000,532
instancia_mediana.json,120,0,70,0,20,14,0,89,0000,223,0000,480
instancia_mediana.json,120,0,70,0,20,15,0,88,0000,223,0000,468
instancia_mediana.json,120,0,70,0,20,16,0,88,0000,223,0000,479
instancia_mediana.json,120,0,70,0,20,17,0,90,0000,223,0000,466
instancia_mediana.json,120,0,70,0,20,18,0,87,0000,223,0000,537
instancia_mediana.json,120,0,70,0,20,19,0,90,0000,223,0000,469
instancia_mediana.json,120,0,70,0,20,20,0,87,0000,223,0000,488
instancia_mediana.json,120,0,70,0,20,21,0,88,0000,223,0000,514
instancia_mediana.json,120,0,70,0,20,22,0,87,0000,223,0000,533
instancia_mediana.json,120,0,70,0,20,23,0,89,0000,223,0000,479
instancia_mediana.json,120,0,70,0,20,24,0,88,0000,223,0000,520
instancia_mediana.json,120,0,70,0,20,25,0,87,0000,223,0000,497
instancia_mediana.json,120,0,70,0,20,26,0,87,0000,223,0000,544
instancia_mediana.json,120,0,70,0,20,27,0,87,0000,223,0000,499
instancia_mediana.json,120,0,70,0,20,28,0,87,0000,223,0000,496
instancia_mediana.json,120,0,70,0,20,29,0,87,0000,223,0000,481
instancia_mediana.json,120,0,90,0,05,0,0,92,0000,223,0000,455
instancia_mediana.json,120,0,90,0,05,1,0,87,0000,223,0000,465
instancia_mediana.json,120,0,90,0,05,2,0,90,0000,223,0000,488
instancia_mediana.json,120,0,90,0,05,3,0,87,0000,223,0000,501
instancia_mediana.json,120,0,90,0,05,4,0,87,0000,223,0000,476
instancia_mediana.json,120,0,90,0,05,5,0,87,0000,223,0000,512
instancia_mediana.json,120,0,90,0,05,6,0,87,0000,223,0000,482
instancia_mediana.json,120,0,90,0,05,7,0,89,0000,223,0000,517
instancia_mediana.json,120,0,90,0,05,8,0,87,0000,223,0000,484
instancia_mediana.json,120,0,90,0,05,9,0,87,0000,223,0000,527
instancia_mediana.json,120,0,90,0,05,10,0,87,0000,223,0000,487
instancia_mediana.json,120,0,90,0,05,11,0,89,0000,223,0000,434
instancia_mediana.json,120,0,90,0,05,12,0,88,0000,223,0000,454
instancia_mediana.json,120,0,90,0,05,13,0,87,0000,223,0000,512
instancia_mediana.json,120,0,90,0,05,14,0,88,0000,223,0000,526
instancia_mediana.json,120,0,90,0,05,15,0,88,0000,223,0000,499
instancia_mediana.json,120,0,90,0,05,16,0,87,0000,223,0000,490
instancia_mediana.json,120,0,90,0,05,17,0,86,0000,223,0000,506
instancia_mediana.json,120,0,90,0,05,18,0,87,0000,223,0000,469
instancia_mediana.json,120,0,90,0,05,19,0,87,0000,223,0000,459
instancia_mediana.json,120,0,90,0,05,20,0,86,0000,223,0000,484
instancia_mediana.json,120,0,90,0,05,21,0,87,0000,223,0000,485
instancia_mediana.json,120,0,90,0,05,22,0,89,0000,223,0000,497
instancia_mediana.json,120,0,90,0,05,23,0,87,0000,223,0000,554
instancia_mediana.json,120,0,90,0,05,24,0,89,0000,223,0000,465
instancia_mediana.json,120,0,90,0,05,25,0,89,0000,223,0000,465
instancia_mediana.json,120,0,90,0,05,26,0,87,0000,223,0000,463
instancia_mediana.json,120,0,90,0,05,27,0,89,0000,223,0000,482
instancia_mediana.json,120,0,90,0,05,28,0,88,0000,223,0000,475
instancia_mediana.json,120,0,90,0,05,29,0,87,0000,223,0000,549
instancia_mediana.json,120,0,90,0,10,0,0,87,0000,223,0000,573
instancia_mediana.json,120,0,90,0,10,1,0,92,0000,223,0000,481
instancia_mediana.json,120,0,90,0,10,2,0,87,0000,223,0000,524
instancia_mediana.json,120,0,90,0,10,3,0,87,0000,223,0000,489
instancia_mediana.json,120,0,90,0,10,4,0,87,0000,223,0000,536
instancia_mediana.json,120,0,90,0,10,5,0,86,0000,223,0000,496
instancia_mediana.json,120,0,90,0,10,6,0,89,0000,223,0000,489
instancia_mediana.json,120,0,90,0,10,7,0,87,0000,223,0000,498
instancia_mediana.json,120,0,90,0,10,8,0,92,0000,223,0000,531
instancia_mediana.json,120,0,90,0,10,8,1,90,0000,225,0000,531
instancia_mediana.json,120,0,90,0,10,9,0,87,0000,223,0000,560
instancia_mediana.json,120,0,90,0,10,10,0,87,0000,223,0000,513
instancia_mediana.json,120,0,90,0,10,11,0,87,0000,223,0000,492
instancia_mediana.json,120,0,90,0,10,12,0,90,0000,223,0000,448
instancia_mediana.json,120,0,90,0,10,13,0,87,0000,223,0000,498
instancia_mediana.json,120,0,90,0,10,14,0,87,0000,223,0000,497
instancia_mediana.json,120,0,90,0,10,15,0,87,0000,223,0000,558
instancia_mediana.json,120,0,90,0,10,16,0,92,0000,223,0000,603
instancia_mediana.json,120,0,90,0,10,16,1,87,0000,231,0000,603
instancia_mediana.json,120,0,90,0,10,16,2,91,0000,225,0000,603
instancia_mediana.json,120,0,90,0,10,17,0,90,0000,223,0000,576
instancia_mediana.json,120,0,90,0,10,18,0,88,0000,223,0000,551
instancia_mediana.json,120,0,90,0,10,18,1,86,0000,231,0000,551
instancia_mediana.json,120,0,90,0,10,19,0,87,0000,223,0000,564
instancia_mediana.json,120,0,90,0,10,20,0,87,0000,223,0000,482
instancia_mediana.json,120,0,90,0,10,21,0,87,0000,223,0000,497
instancia_mediana.json,120,0,90,0,10,22,0,87,0000,223,0000,546
instancia_mediana.json,120,0,90,0,10,23,0,87,0000,223,0000,513
instancia_mediana.json,120,0,90,0,10,24,0,87,0000,223,0000,559
instancia_mediana.json,120,0,90,0,10,25,0,87,0000,223,0000,553
instancia_mediana.json,120,0,90,0,10,26,0,87,0000,223,0000,538
instancia_mediana.json,120,0,90,0,10,27,0,87,0000,223,0000,545
instancia_mediana.json,120,0,90,0,10,28,0,87,0000,223,0000,524
instancia_mediana.json,120,0,90,0,10,29,0,87,0000,223,0000,588
instancia_mediana.json,120,0,90,0,20,0,0,90,0000,223,0000,554
instancia_mediana.json,120,0,90,0,20,1,0,87,0000,223,0000,560
instancia_mediana.json,120,0,90,0,20,2,0,87,0000,223,0000,558
instancia_mediana.json,120,0,90,0,20,3,0,87,0000,223,0000,562
instancia_mediana.json,120,0,90,0,20,4,0,87,0000,223,0000,548
instancia_mediana.json,120,0,90,0,20,5,0,87,0000,223,0000,556
instancia_mediana.json,120,0,90,0,20,6,0,87,0000,223,0000,507
instancia_mediana.json,120,0,90,0,20,7,0,89,0000,223,0000,519
instancia_mediana.json,120,0,90,0,20,8,0,89,0000,223,0000,487
instancia_mediana.json,120,0,90,0,20,9,0,86,0000,223,0000,541
instancia_mediana.json,120,0,90,0,20,10,0,87,0000,231,0000,556
instancia_mediana.json,120,0,90,0,20,10,1,88,0000,223,0000,556
instancia_mediana.json,120,0,90,0,20,11,0,87,0000,223,0000,534
instancia_mediana.json,120,0,90,0,20,12,0,87,0000,223,0000,550
instancia_mediana.json,120,0,90,0,20,13,0,87,0000,223,0000,552
instancia_mediana.json,120,0,90,0,20,14,0,87,0000,223,0000,499
instancia_mediana.json,120,0,90,0,20,15,0,89,0000,223,0000,515
instancia_mediana.json,120,0,90,0,20,16,0,87,0000,223,0000,590
instancia_mediana.json,120,0,90,0,20,17,0,87,0000,223,0000,545
instancia_mediana.json,120,0,90,0,20,18,0,87,0000,223,0000,545
instancia_mediana.json,120,0,90,0,20,19,0,87,0000,223,0000,544
instancia_mediana.json,120,0,90,0,20,20,0,87,0000,223,0000,497
instancia_mediana.json,120,0,90,0,20,21,0,87,0000,223,0000,548
instancia_mediana.json,120,0,90,0,20,22,0,90,0000,223,0000,560
instancia_mediana.json,120,0,90,0,20,23,0,87,0000,223,0000,572
instancia_mediana.json,120,0,90,0,20,24,0,86,0000,223,0000,565
instancia_mediana.json,120,0,90,0,20,25,0,87,0000,223,0000,546
instancia_mediana.json,120,0,90,0,20,26,0,87,0000,223,0000,580
instancia_mediana.json,120,0,90,0,20,27,0,87,0000,223,0000,534
instancia_mediana.json,120,0,90,0,20,28,0,92,0000,223,0000,581
instancia_mediana.json,120,0,90,0,20,28,1,88,0000,224,0000,581
instancia_mediana.json,120,0,90,0,20,29,0,87,0000,223,0000,622
instancia_mediana.json,120,1,00,0,05,0,0,90,0000,223,0000,546
instancia_mediana.json,120,1,00,0,05,1,0,87,0000,223,0000,579
instancia_mediana.json,120,1,00,0,05,2,0,86,0000,223,0000,630
instancia_mediana.json,120,1,00,0,05,3,0,86,0000,223,0000,519
instancia_mediana.json,120,1,00,0,05,4,0,87,0000,223,0000,591
instancia_mediana.json,120,1,00,0,05,5,0,86,0000,223,0000,584
instancia_mediana.json,120,1,00,0,05,6,0,87,0000,223,0000,638
instancia_mediana.json,120,1,00,0,05,7,0,88,0000,231,0000,567
instancia_mediana.json,120,1,00,0,05,7,1,89,0000,223,0000,567
instancia_mediana.json,120,1,00,0,05,8,0,87,0000,223,0000,530
instancia_mediana.json,120,1,00,0,05,9,0,89,0000,223,0000,501
instancia_mediana.json,120,1,00,0,05,10,0,87,0000,223,0000,521
instancia_mediana.json,120,1,00,0,05,11,0,89,0000,223,0000,518
instancia_mediana.json,120,1,00,0,05,12,0,88,0000,223,0000,502
instancia_mediana.json,120,1,00,0,05,13,0,87,0000,223,0000,590
instancia_mediana.json,120,1,00,0,05,14,0,87,0000,223,0000,534
instancia_mediana.json,120,1,00,0,05,15,0,87,0000,223,0000,521
instancia_mediana.json,120,1,00,0,05,16,0,87,0000,223,0000,445
instancia_mediana.json,120,1,00,0,05,17,0,87,0000,223,0000,478
instancia_mediana.json,120,1,00,0,05,18,0,87,0000,223,0000,548
instancia_mediana.json,120,1,00,0,05,19,0,88,0000,223,0000,484
instancia_mediana.json,120,1,00,0,05,20,0,88,0000,223,0000,484
instancia_mediana.json,120,1,00,0,05,21,0,87,0000,223,0000,526
instancia_mediana.json,120,1,00,0,05,22,0,87,0000,223,0000,556
instancia_mediana.json,120,1,00,0,05,23,0,87,0000,223,0000,524
instancia_mediana.json,120,1,00,0,05,24,0,87,0000,223,0000,536
instancia_mediana.json,120,1,00,0,05,25,0,89,0000,223,0000,560
instancia_mediana.json,120,1,00,0,05,25,1,87,0000,231,0000,560
instancia_mediana.json,120,1,00,0,05,26,0,87,0000,223,0000,487
instancia_mediana.json,120,1,00,0,05,27,0,93,0000,223,0000,471
instancia_mediana.json,120,1,00,0,05,27,1,90,0000,224,0000,471
instancia_mediana.json,120,1,00,0,05,28,0,90,0000,223,0000,481
instancia_mediana.json,120,1,00,0,05,29,0,87,0000,223,0000,541
instancia_mediana.json,120,1,00,0,10,0,0,87,0000,223,0000,536
instancia_mediana.json,120,1,00,0,10,1,0,87,0000,223,0000,528
instancia_mediana.json,120,1,00,0,10,2,0,90,0000,223,0000,490
instancia_mediana.json,120,1,00,0,10,3,0,87,0000,223,0000,513
instancia_mediana.json,120,1,00,0,10,4,0,87,0000,223,0000,543
instancia_mediana.json,120,1,00,0,10,5,0,87,0000,223,0000,486
instancia_mediana.json,120,1,00,0,10,6,0,87,0000,223,0000,522
instancia_mediana.json,120,1,00,0,10,7,0,87,0000,223,0000,501
instancia_mediana.json,120,1,00,0,10,8,0,87,0000,223,0000,531
instancia_mediana.json,120,1,00,0,10,9,0,88,0000,223,0000,570
instancia_mediana.json,120,1,00,0,10,10,0,88,0000,223,0000,498
instancia_mediana.json,120,1,00,0,10,11,0,87,0000,223,0000,509
instancia_mediana.json,120,1,00,0,10,12,0,87,0000,223,0000,504
instancia_mediana.json,120,1,00,0,10,13,0,88,0000,223,0000,491
instancia_mediana.json,120,1,00,0,10,14,0,87,0000,223,0000,510
instancia_mediana.json,120,1,00,0,10,15,0,89,0000,223,0000,484
instancia_mediana.json,120,1,00,0,10,16,0,87,0000,223,0000,558
instancia_mediana.json,120,1,00,0,10,17,0,87,0000,223,0000,520
instancia_mediana.json,120,1,00,0,10,18,0,87,0000,223,0000,541
instancia_mediana.json,120,1,00,0,10,19,0,88,0000,223,0000,522
instancia_mediana.json,120,1,00,0,10,20,0,90,0000,223,0000,460
instancia_mediana.json,120,1,00,0,10,21,0,87,0000,223,0000,546
instancia_mediana.json,120,1,00,0,10,22,0,89,0000,223,0000,511
instancia_mediana.json,120,1,00,0,10,23,0,87,0000,223,0000,554
instancia_mediana.json,120,1,00,0,10,24,0,87,0000,223,0000,520
instancia_mediana.json,120,1,00,0,10,25,0,87,0000,223,0000,531
instancia_mediana.json,120,1,00,0,10,26,0,87,0000,223,0000,544
instancia_mediana.json,120,1,00,0,10,27,0,89,0000,223,0000,489
instancia_mediana.json,120,1,00,0,10,27,1,88,0000,225,0000,489
instancia_mediana.json,120,1,00,0,10,28,0,87,0000,223,0000,555
instancia_mediana.json,120,1,00,0,10,29,0,86,0000,223,0000,513
instancia_mediana.json,120,1,00,0,20,0,0,87,0000,223,0000,504
instancia_mediana.json,120,1,00,0,20,1,0,87,0000,223,0000,579
instancia_mediana.json,120,1,00,0,20,2,0,87,0000,223,0000,507
instancia_mediana.json,120,1,00,0,20,3,0,87,0000,223,0000,485
instancia_mediana.json,120,1,00,0,20,4,0,87,0000,223,0000,562
instancia_mediana.json,120,1,00,0,20,5,0,86,0000,223,0000,556
instancia_mediana.json,120,1,00,0,20,6,0,89,0000,223,0000,530
instancia_mediana.json,120,1,00,0,20,7,0,87,0000,223,0000,505
instancia_mediana.json,120,1,00,0,20,8,0,87,0000,223,0000,529
instancia_mediana.json,120,1,00,0,20,9,0,89,0000,223,0000,516
instancia_mediana.json,120,1,00,0,20,10,0,87,0000,223,0000,519
instancia_mediana.json,120,1,00,0,20,11,0,86,0000,223,0000,533
instancia_mediana.json,120,1,00,0,20,12,0,89,0000,223,0000,563
instancia_mediana.json,120,1,00,0,20,13,0,89,0000,223,0000,549
instancia_mediana.json,120,1,00,0,20,14,0,86,0000,223,0000,553
instancia_mediana.json,120,1,00,0,20,15,0,89,0000,223,0000,529
instancia_mediana.json,120,1,00,0,20,16,0,86,0000,223,0000,543
instancia_mediana.json,120,1,00,0,20,17,0,89,0000,223,0000,500
instancia_mediana.json,120,1,00,0,20,18,0,87,0000,223,0000,529
instancia_mediana.json,120,1,00,0,20,19,0,87,0000,223,0000,575
instancia_mediana.json,120,1,00,0,20,20,0,90,0000,223,0000,513
instancia_mediana.json,120,1,00,0,20,21,0,87,0000,223,0000,509
instancia_mediana.json,120,1,00,0,20,22,0,87,0000,223,0000,577
instancia_mediana.json,120,1,00,0,20,23,0,87,0000,223,0000,495
instancia_mediana.json,120,1,00,0,20,24,0,89,0000,223,0000,497
instancia_mediana.json,120,1,00,0,20,25,0,86,0000,223,0000,516
instancia_mediana.json,120,1,00,0,20,26,0,87,0000,223,0000,557
instancia_mediana.json,120,1,00,0,20,27,0,88,0000,223,0000,514
instancia_mediana.json,120,1,00,0,20,28,0,88,0000,223,0000,514
instancia_mediana.json,120,1,00,0,20,29,0,88,0000,223,0000,512
instancia_mediana.json,200,0,70,0,05,0,0,87,0000,223,0000,645
instancia_mediana.json,200,0,70,0,05,1,0,92,0000,223,0000,629
instancia_mediana.json,200,0,70,0,05,2,0,87,0000,223,0000,670
instancia_mediana.json,200,0,70,0,05,3,0,90,0000,223,0000,600
instancia_mediana.json,200,0,70,0,05,4,0,86,0000,223,0000,668
instancia_mediana.json,200,0,70,0,05,5,0,88,0000,223,0000,621
instancia_mediana.json,200,0,70,0,05,6,0,87,0000,223,0000,595
instancia_mediana.json,200,0,70,0,05,7,0,87,0000,223,0000,577
instancia_mediana.json,200,0,70,0,05,8,0,89,0000,223,0000,640
instancia_mediana.json,200,0,70,0,05,8,1,88,0000,231,0000,640
instancia_mediana.json,200,0,70,0,05,9,0,87,0000,223,0000,591
instancia_mediana.json,200,0,70,0,05,10,0,91,0000,223,0000,594
instancia_mediana.json,200,0,70,0,05,11,0,87,0000,223,0000,641
instancia_mediana.json,200,0,70,0,05,12,0,89,0000,223,0000,635
instancia_mediana.json,200,0,70,0,05,13,0,87,0000,223,0000,640
instancia_mediana.json,200,0,70,0,05,14,0,86,0000,223,0000,631
instancia_mediana.json,200,0,70,0,05,15,0,87,0000,223,0000,667
instancia_mediana.json,200,0,70,0,05,16,0,89,0000,223,0000,637
instancia_mediana.json,200,0,70,0,05,17,0,92,0000,223,0000,669
instancia_mediana.json,200,0,70,0,05,17,1,91,0000,231,0000,669
instancia_mediana.json,200,0,70,0,05,18,0,90,0000,223,0000,644
instancia_mediana.json,200,0,70,0,05,18,1,89,0000,224,0000,644
instancia_mediana.json,200,0,70,0,05,19,0,90,0000,223,0000,625
instancia_mediana.json,200,0,70,0,05,20,0,88,0000,223,0000,653
instancia_mediana.json,200,0,70,0,05,21,0,88,0000,223,0000,665
instancia_mediana.json,200,0,70,0,05,22,0,91,0000,223,0000,601
instancia_mediana.json,200,0,70,0,05,22,1,87,0000,233,0000,601
instancia_mediana.json,200,0,70,0,05,22,2,89,0000,225,0000,601
instancia_mediana.json,200,0,70,0,05,23,0,90,0000,223,0000,586
instancia_mediana.json,200,0,70,0,05,24,0,87,0000,223,0000,654
instancia_mediana.json,200,0,70,0,05,25,0,90,0000,223,0000,580
instancia_mediana.json,200,0,70,0,05,26,0,88,0000,223,0000,595
instancia_mediana.json,200,0,70,0,05,27,0,87,0000,223,0000,667
instancia_mediana.json,200,0,70,0,05,28,0,89,0000,223,0000,585
instancia_mediana.json,200,0,70,0,05,29,0,87,0000,223,0000,663
instancia_mediana.json,200,0,70,0,10,0,0,88,0000,223,0000,617
instancia_mediana.json,200,0,70,0,10,1,0,90,0000,223,0000,627
instancia_mediana.json,200,0,70,0,10,2,0,86,0000,223,0000,644
instancia_mediana.json,200,0,70,0,10,3,0,88,0000,223,0000,643
instancia_mediana.json,200,0,70,0,10,4,0,87,0000,223,0000,645
instancia_mediana.json,200,0,70,0,10,5,0,87,0000,223,0000,610
instancia_mediana.json,200,0,70,0,10,6,0,87,0000,223,0000,706
instancia_mediana.json,200,0,70,0,10,7,0,87,0000,223,0000,608
instancia_mediana.json,200,0,70,0,10,8,0,87,0000,223,0000,636
instancia_mediana.json,200,0,70,0,10,9,0,91,0000,223,0000,642
instancia_mediana.json,200,0,70,0,10,9,1,89,0000,224,0000,642
instancia_mediana.json,200,0,70,0,10,10,0,87,0000,223,0000,610
instancia_mediana.json,200,0,70,0,10,11,0,87,0000,223,0000,662
instancia_mediana.json,200,0,70,0,10,12,0,87,0000,223,0000,672
instancia_mediana.json,200,0,70,0,10,13,0,87,0000,223,0000,654
instancia_mediana.json,200,0,70,0,10,14,0,87,0000,223,0000,685
instancia_mediana.json,200,0,70,0,10,15,0,87,0000,223,0000,699
instancia_mediana.json,200,0,70,0,10,16,0,89,0000,223,0000,667
instancia_mediana.json,200,0,70,0,10,16,1,88,0000,224,0000,667
instancia_mediana.json,200,0,70,0,10,17,0,86,0000,223,0000,647
instancia_mediana.json,200,0,70,0,10,18,0,90,0000,223,0000,669
instancia_mediana.json,200,0,70,0,10,19,0,87,0000,223,0000,676
instancia_mediana.json,200,0,70,0,10,20,0,86,0000,223,0000,671
instancia_mediana.json,200,0,70,0,10,21,0,87,0000,223,0000,649
instancia_mediana.json,200,0,70,0,10,22,0,90,0000,223,0000,700
instancia_mediana.json,200,0,70,0,10,23,0,87,0000,223,0000,652
instancia_mediana.json,200,0,70,0,10,24,0,87,0000,223,0000,664
instancia_mediana.json,200,0,70,0,10,25,0,89,0000,223,0000,648
instancia_mediana.json,200,0,70,0,10,26,0,87,0000,223,0000,649
instancia_mediana.json,200,0,70,0,10,27,0,88,0000,223,0000,612
instancia_mediana.json,200,0,70,0,10,28,0,87,0000,223,0000,682
instancia_mediana.json,200,0,70,0,10,29,0,87,0000,223,0000,655
instancia_mediana.json,200,0,70,0,20,0,0,87,0000,223,0000,667
instancia_mediana.json,200,0,70,0,20,1,0,87,0000,223,0000,699
instancia_mediana.json,200,0,70,0,20,2,0,87,0000,223,0000,697
instancia_mediana.json,200,0,70,0,20,3,0,87,0000,223,0000,705
instancia_mediana.json,200,0,70,0,20,4,0,87,0000,223,0000,705
instancia_mediana.json,200,0,70,0,20,5,0,87,0000,223,0000,670
instancia_mediana.json,200,0,70,0,20,6,0,86,0000,223,0000,708
instancia_mediana.json,200,0,70,0,20,7,0,89,0000,223,0000,672
instancia_mediana.json,200,0,70,0,20,8,0,87,0000,223,0000,721
instancia_mediana.json,200,0,70,0,20,9,0,86,0000,223,0000,688
instancia_mediana.json,200,0,70,0,20,10,0,89,0000,223,0000,644
instancia_mediana.json,200,0,70,0,20,11,0,89,0000,223,0000,683
instancia_mediana.json,200,0,70,0,20,11,1,87,0000,225,0000,683
instancia_mediana.json,200,0,70,0,20,12,0,87,0000,223,0000,682
instancia_mediana.json,200,0,70,0,20,13,0,90,0000,223,0000,625
instancia_mediana.json,200,0,70,0,20,14,0,89,0000,223,0000,649
instancia_mediana.json,200,0,70,0,20,15,0,87,0000,223,0000,705
instancia_mediana.json,200,0,70,0,20,16,0,87,0000,223,0000,669
instancia_mediana.json,200,0,70,0,20,17,0,88,0000,224,0000,669
instancia_mediana.json,200,0,70,0,20,17,1,89,0000,223,0000,669
instancia_mediana.json,200,0,70,0,20,18,0,87,0000,223,0000,634
instancia_mediana.json,200,0,70,0,20,19,0,88,0000,223,0000,651
instancia_mediana.json,200,0,70,0,20,20,0,87,0000,223,0000,662
instancia_mediana.json,200,0,70,0,20,21,0,87,0000,223,0000,653
instancia_mediana.json,200,0,70,0,20,22,0,87,0000,223,0000,697
instancia_mediana.json,200,0,70,0,20,23,0,87,0000,223,0000,709
instancia_mediana.json,200,0,70,0,20,24,0,87,0000,223,0000,687
instancia_mediana.json,200,0,70,0,20,25,0,87,0000,223,0000,666
instancia_mediana.json,200,0,70,0,20,26,0,87,0000,223,0000,683
instancia_mediana.json,200,0,70,0,20,27,0,88,0000,223,0000,662
instancia_mediana.json,200,0,70,0,20,28,0,89,0000,223,0000,668
instancia_mediana.json,200,0,70,0,20,29,0,90,0000,223,0000,723
instancia_mediana.json,200,0,90,0,05,0,0,88,0000,223,0000,705
instancia_mediana.json,200,0,90,0,05,0,1,87,0000,224,0000,705
instancia_mediana.json,200,0,90,0,05,1,0,87,0000,223,0000,663
instancia_mediana.json,200,0,90,0,05,2,0,87,0000,223,0000,657
instancia_mediana.json,200,0,90,0,05,3,0,87,0000,223,0000,651
instancia_mediana.json,200,0,90,0,05,4,0,87,0000,223,0000,643
instancia_mediana.json,200,0,90,0,05,5,0,90,0000,223,0000,640
instancia_mediana.json,200,0,90,0,05,6,0,89,0000,223,0000,673
instancia_mediana.json,200,0,90,0,05,7,0,90,0000,223,0000,669
instancia_mediana.json,200,0,90,0,05,8,0,87,0000,223,0000,733
instancia_mediana.json,200,0,90,0,05,9,0,88,0000,223,0000,650
instancia_mediana.json,200,0,90,0,05,10,0,87,0000,225,0000,740
instancia_mediana.json,200,0,90,0,05,10,1,88,0000,223,0000,740
instancia_mediana.json,200,0,90,0,05,11,0,87,0000,223,0000,658
instancia_mediana.json,200,0,90,0,05,12,0,90,0000,223,0000,650
instancia_mediana.json,200,0,90,0,05,13,0,88,0000,223,0000,586
instancia_mediana.json,200,0,90,0,05,14,0,87,0000,223,0000,669
instancia_mediana.json,200,0,90,0,05,15,0,87,0000,223,0000,724
instancia_mediana.json,200,0,90,0,05,16,0,88,0000,223,0000,679
instancia_mediana.json,200,0,90,0,05,17,0,88,0000,223,0000,694
instancia_mediana.json,200,0,90,0,05,18,0,87,0000,223,0000,713
instancia_mediana.json,200,0,90,0,05,19,0,87,0000,223,0000,582
instancia_mediana.json,200,0,90,0,05,20,0,89,0000,223,0000,689
instancia_mediana.json,200,0,90,0,05,20,1,87,0000,231,0000,689
instancia_mediana.json,200,0,90,0,05,21,0,87,0000,223,0000,675
instancia_mediana.json,200,0,90,0,05,22,0,87,0000,223,0000,655
instancia_mediana.json,200,0,90,0,05,23,0,87,0000,223,0000,695
instancia_mediana.json,200,0,90,0,05,24,0,87,0000,223,0000,680
instancia_mediana.json,200,0,90,0,05,25,0,87,0000,223,0000,662
instancia_mediana.json,200,0,90,0,05,26,0,86,0000,223,0000,679
instancia_mediana.json,200,0,90,0,05,27,0,88,0000,223,0000,645
instancia_mediana.json,200,0,90,0,05,28,0,87,0000,223,0000,729
instancia_mediana.json,200,0,90,0,05,29,0,87,0000,223,0000,670
instancia_mediana.json,200,0,90,0,10,0,0,87,0000,223,0000,696
instancia_mediana.json,200,0,90,0,10,1,0,87,0000,223,0000,760
instancia_mediana.json,200,0,90,0,10,2,0,87,0000,223,0000,705
instancia_mediana.json,200,0,90,0,10,3,0,87,0000,223,0000,652
instancia_mediana.json,200,0,90,0,10,4,0,87,0000,223,0000,689
instancia_mediana.json,200,0,90,0,10,5,0,87,0000,223,0000,726
instancia_mediana.json,200,0,90,0,10,6,0,89,0000,223,0000,715
instancia_mediana.json,200,0,90,0,10,7,0,90,0000,223,0000,634
instancia_mediana.json,200,0,90,0,10,7,1,89,0000,226,0000,634
instancia_mediana.json,200,0,90,0,10,8,0,87,0000,223,0000,678
instancia_mediana.json,200,0,90,0,10,9,0,87,0000,223,0000,673
instancia_mediana.json,200,0,90,0,10,10,0,87,0000,223,0000,710
instancia_mediana.json,200,0,90,0,10,11,0,87,0000,223,0000,660
instancia_mediana.json,200,0,90,0,10,12,0,87,0000,223,0000,703
instancia_mediana.json,200,0,90,0,10,13,0,89,0000,223,0000,692
instancia_mediana.json,200,0,90,0,10,14,0,87,0000,223,0000,662
instancia_mediana.json,200,0,90,0,10,15,0,89,0000,223,0000,680
instancia_mediana.json,200,0,90,0,10,16,0,87,0000,223,0000,675
instancia_mediana.json,200,0,90,0,10,17,0,87,0000,223,0000,713
instancia_mediana.json,200,0,90,0,10,18,0,87,0000,223,0000,687
instancia_mediana.json,200,0,90,0,10,19,0,86,0000,223,0000,698
instancia_mediana.json,200,0,90,0,10,20,0,87,0000,223,0000,725
instancia_mediana.json,200,0,90,0,10,21,0,86,0000,223,0000,705
instancia_mediana.json,200,0,90,0,10,22,0,87,0000,223,0000,689
instancia_mediana.json,200,0,90,0,10,23,0,87,0000,223,0000,717
instancia_mediana.json,200,0,90,0,10,24,0,87,0000,223,0000,718
instancia_mediana.json,200,0,90,0,10,25,0,89,0000,223,0000,760
instancia_mediana.json,200,0,90,0,10,25,1,87,0000,231,0000,760
instancia_mediana.json,200,0,90,0,10,26,0,87,0000,223,0000,743
instancia_mediana.json,200,0,90,0,10,27,0,89,0000,223,0000,657
instancia_mediana.json,200,0,90,0,10,28,0,87,0000,223,0000,688
instancia_mediana.json,200,0,90,0,10,29,0,87,0000,223,0000,729
instancia_mediana.json,200,0,90,0,20,0,0,87,0000,223,0000,735
instancia_mediana.json,200,0,90,0,20,1,0,87,0000,223,0000,685
instancia_mediana.json,200,0,90,0,20,2,0,89,0000,223,0000,691
instancia_mediana.json,200,0,90,0,20,3,0,87,0000,223,0000,713
instancia_mediana.json,200,0,90,0,20,4,0,87,0000,223,0000,685
instancia_mediana.json,200,0,90,0,20,5,0,87,0000,223,0000,728
instancia_mediana.json,200,0,90,0,20,6,0,87,0000,223,0000,718
instancia_mediana.json,200,0,90,0,20,7,0,87,0000,223,0000,667
instancia_mediana.json,200,0,90,0,20,8,0,87,0000,223,0000,706
instancia_mediana.json,200,0,90,0,20,9,0,87,0000,223,0000,734
instancia_mediana.json,200,0,90,0,20,10,0,87,0000,223,0000,686
instancia_mediana.json,200,0,90,0,20,11,0,87,0000,223,0000,693
instancia_mediana.json,200,0,90,0,20,12,0,86,0000,223,0000,695
instancia_mediana.json,200,0,90,0,20,13,0,87,0000,223,0000,688
instancia_mediana.json,200,0,90,0,20,14,0,87,0000,223,0000,783
instancia_mediana.json,200,0,90,0,20,15,0,87,0000,223,0000,745
instancia_mediana.json,200,0,90,0,20,16,0,87,0000,223,0000,696
instancia_mediana.json,200,0,90,0,20,17,0,87,0000,223,0000,723
instancia_mediana.json,200,0,90,0,20,18,0,87,0000,223,0000,692
instancia_mediana.json,200,0,90,0,20,19,0,87,0000,223,0000,677
instancia_mediana.json,200,0,90,0,20,20,0,86,0000,223,0000,737
instancia_mediana.json,200,0,90,0,20,21,0,87,0000,223,0000,737
instancia_mediana.json,200,0,90,0,20,22,0,87,0000,223,0000,783
instancia_mediana.json,200,0,90,0,20,23,0,88,0000,223,0000,709
instancia_mediana.json,200,0,90,0,20,24,0,86,0000,223,0000,697
instancia_mediana.json,200,0,90,0,20,25,0,87,0000,223,0000,702
instancia_mediana.json,200,0,90,0,20,26,0,87,0000,223,0000,722
instancia_mediana.json,200,0,90,0,20,27,0,86,0000,223,0000,702
instancia_mediana.json,200,0,90,0,20,28,0,86,0000,223,0000,712
instancia_mediana.json,200,0,90,0,20,29,0,87,0000,223,0000,717
instancia_mediana.json,200,1,00,0,05,0,0,87,0000,223,0000,725
instancia_mediana.json,200,1,00,0,05,1,0,87,0000,223,0000,697
instancia_mediana.json,200,1,00,0,05,2,0,87,0000,223,0000,752
instancia_mediana.json,200,1,00,0,05,3,0,86,0000,223,0000,714
instancia_mediana.json,200,1,00,0,05,4,0,87,0000,223,0000,666
instancia_mediana.json,200,1,00,0,05,5,0,87,0000,223,0000,724
instancia_mediana.json,200,1,00,0,05,6,0,87,0000,223,0000,760
instancia_mediana.json,200,1,00,0,05,7,0,87,0000,223,0000,705
instancia_mediana.json,200,1,00,0,05,8,0,87,0000,223,0000,699
instancia_mediana.json,200,1,00,0,05,9,0,87,0000,223,0000,757
instancia_mediana.json,200,1,00,0,05,10,0,88,0000,223,0000,669
instancia_mediana.json,200,1,00,0,05,11,0,87,0000,223,0000,751
instancia_mediana.json,200,1,00,0,05,12,0,87,0000,223,0000,721
instancia_mediana.json,200,1,00,0,05,13,0,88,0000,223,0000,727
instancia_mediana.json,200,1,00,0,05,14,0,87,0000,223,0000,781
instancia_mediana.json,200,1,00,0,05,15,0,87,0000,223,0000,728
instancia_mediana.json,200,1,00,0,05,16,0,89,0000,223,0000,696
instancia_mediana.json,200,1,00,0,05,17,0,88,0000,223,0000,706
instancia_mediana.json,200,1,00,0,05,18,0,87,0000,223,0000,760
instancia_mediana.json,200,1,00,0,05,19,0,86,0000,223,0000,728
instancia_mediana.json,200,1,00,0,05,20,0,87,0000,223,0000,672
instancia_mediana.json,200,1,00,0,05,21,0,86,0000,223,0000,747
instancia_mediana.json,200,1,00,0,05,22,0,87,0000,223,0000,761
instancia_mediana.json,200,1,00,0,05,23,0,87,0000,223,0000,707
instancia_mediana.json,200,1,00,0,05,24,0,89,0000,223,0000,714
instancia_mediana.json,200,1,00,0,05,25,0,88,0000,223,0000,698
instancia_mediana.json,200,1,00,0,05,26,0,87,0000,223,0000,737
instancia_mediana.json,200,1,00,0,05,27,0,87,0000,223,0000,763
instancia_mediana.json,200,1,00,0,05,28,0,87,0000,223,0000,719
instancia_mediana.json,200,1,00,0,05,29,0,87,0000,223,0000,718
instancia_mediana.json,200,1,00,0,10,0,0,88,0000,223,0000,663
instancia_mediana.json,200,1,00,0,10,1,0,88,0000,223,0000,678
instancia_mediana.json,200,1,00,0,10,2,0,87,0000,223,0000,694
instancia_mediana.json,200,1,00,0,10,3,0,86,0000,223,0000,739
instancia_mediana.json,200,1,00,0,10,4,0,88,0000,223,0000,642
instancia_mediana.json,200,1,00,0,10,5,0,88,0000,224,0000,700
instancia_mediana.json,200,1,00,0,10,5,1,89,0000,223,0000,700
instancia_mediana.json,200,1,00,0,10,6,0,87,0000,223,0000,735
instancia_mediana.json,200,1,00,0,10,7,0,88,0000,223,0000,699
instancia_mediana.json,200,1,00,0,10,8,0,88,0000,223,0000,733
instancia_mediana.json,200,1,00,0,10,9,0,87,0000,223,0000,744
instancia_mediana.json,200,1,00,0,10,10,0,87,0000,223,0000,690
instancia_mediana.json,200,1,00,0,10,11,0,87,0000,223,0000,754
instancia_mediana.json,200,1,00,0,10,12,0,86,0000,223,0000,633
instancia_mediana.json,200,1,00,0,10,13,0,86,0000,223,0000,720
instancia_mediana.json,200,1,00,0,10,14,0,87,0000,223,0000,778
instancia_mediana.json,200,1,00,0,10,15,0,87,0000,223,0000,1050
instancia_mediana.json,200,1,00,0,10,16,0,87,0000,223,0000,724
instancia_mediana.json,200,1,00,0,10,17,0,87,0000,223,0000,767
instancia_mediana.json,200,1,00,0,10,18,0,87,0000,223,0000,724
instancia_mediana.json,200,1,00,0,10,19,0,87,0000,223,0000,720
instancia_mediana.json,200,1,00,0,10,20,0,87,0000,223,0000,719
instancia_mediana.json,200,1,00,0,10,21,0,87,0000,223,0000,716
instancia_mediana.json,200,1,00,0,10,22,0,87,0000,223,0000,736
instancia_mediana.json,200,1,00,0,10,23,0,87,0000,223,0000,694
instancia_mediana.json,200,1,00,0,10,24,0,87,0000,223,0000,756
instancia_mediana.json,200,1,00,0,10,25,0,87,0000,223,0000,696
instancia_mediana.json,200,1,00,0,10,26,0,87,0000,223,0000,709
instancia_mediana.json,200,1,00,0,10,27,0,87,0000,223,0000,735
instancia_mediana.json,200,1,00,0,10,28,0,87,0000,223,0000,743
instancia_mediana.json,200,1,00,0,10,29,0,87,0000,223,0000,716
instancia_mediana.json,200,1,00,0,20,0,0,87,0000,223,0000,714
instancia_mediana.json,200,1,00,0,20,1,0,87,0000,223,0000,720
instancia_mediana.json,200,1,00,0,20,2,0,87,0000,223,0000,768
instancia_mediana.json,200,1,00,0,20,3,0,87,0000,223,0000,730
instancia_mediana.json,200,1,00,0,20,4,0,88,0000,223,0000,733
instancia_mediana.json,200,1,00,0,20,5,0,87,0000,223,0000,721
instancia_mediana.json,200,1,00,0,20,6,0,87,0000,223,0000,695
instancia_mediana.json,200,1,00,0,20,7,0,87,0000,223,0000,697
instancia_mediana.json,200,1,00,0,20,8,0,87,0000,223,0000,741
instancia_mediana.json,200,1,00,0,20,9,0,86,0000,223,0000,722
instancia_mediana.json,200,1,00,0,20,10,0,87,0000,223,0000,773
instancia_mediana.json,200,1,00,0,20,11,0,87,0000,223,0000,733
instancia_mediana.json,200,1,00,0,20,12,0,86,0000,223,0000,742
instancia_mediana.json,200,1,00,0,20,13,0,87,0000,223,0000,757
instancia_mediana.json,200,1,00,0,20,14,0,87,0000,223,0000,648
instancia_mediana.json,200,1,00,0,20,15,0,87,0000,223,0000,675
instancia_mediana.json,200,1,00,0,20,16,0,92,0000,223,0000,715
instancia_mediana.json,200,1,00,0,20,17,0,87,0000,223,0000,746
instancia_mediana.json,200,1,00,0,20,18,0,87,0000,223,0000,740
instancia_mediana.json,200,1,00,0,20,19,0,87,0000,223,0000,739
instancia_mediana.json,200,1,00,0,20,20,0,87,0000,223,0000,697
instancia_mediana.json,200,1,00,0,20,21,0,87,0000,223,0000,750
instancia_mediana.json,200,1,00,0,20,22,0,87,0000,223,0000,755
instancia_mediana.json,200,1,00,0,20,23,0,87,0000,223,0000,726
instancia_mediana.json,200,1,00,0,20,24,0,87,0000,223,0000,696
instancia_mediana.json,200,1,00,0,20,25,0,87,0000,223,0000,717
instancia_mediana.json,200,1,00,0,20,26,0,87,0000,223,0000,716
instancia_mediana.json,200,1,00,0,20,27,0,89,0000,223,0000,683
instancia_mediana.json,200,1,00,0,20,28,0,87,0000,223,0000,753
instancia_mediana.json,200,1,00,0,20,29,0,87,0000,223,0000,749
